Top queries,Clicks,Impressions,CTR,Position
servizio clienti octopus,10,2559,0.39%,4.48
octopus servizio clienti,9,3665,0.25%,4.76
octopus contatti,7,4670,0.15%,5.94
octopus numero verde,6,7748,0.08%,4.9
octopus energy numero verde,6,3538,0.17%,5.38
telefono octopus energy,6,533,1.13%,4.37
octopus contatti telefonici,5,1241,0.4%,4.86
octopus numero,5,800,0.62%,4.31
octopus servizio clienti numero verde,5,209,2.39%,3.59
octopus servizio clienti telefono,4,2096,0.19%,5
numero octopus,4,1808,0.22%,4.36
servizio clienti octopus energy,4,1029,0.39%,4.16
numero di telefono octopus,4,602,0.66%,4.12
octopus telefono,3,1878,0.16%,3.8
octopus energy contatti,3,1761,0.17%,5.96
octopus energy telefono,3,1724,0.17%,5.95
come contattare octopus energy,3,1549,0.19%,5.04
octopus numero di telefono,3,1367,0.22%,4.31
assistenza octopus,3,819,0.37%,4.92
octopus energy numero,3,487,0.62%,5.18
octopus energia contatti,3,415,0.72%,5.6
octopus energy punti vendita,3,107,2.8%,1.83
numero verde octopus energy,2,2540,0.08%,5.35
octopus energy servizio clienti,2,1320,0.15%,7.42
contatti octopus energy,2,1059,0.19%,5.4
octopus servizio clienti orari,2,685,0.29%,3.81
come contattare octopus,2,626,0.32%,5.19
octopus telefono clienti,2,480,0.42%,4.36
octopus numero verde da cellulare,2,272,0.74%,4.53
numero assistenza octopus,2,188,1.06%,4.77
assistenza octopus energia,2,130,1.54%,4.04
octoplus recensioni,2,2,100%,2
octopus energy numero di telefono,1,872,0.11%,5.26
octopus luce e gas numero verde,1,561,0.18%,5.79
telefono octopus,1,417,0.24%,4.94
assistenza clienti octopus,1,409,0.24%,4.94
octopus energy contatti telefonici,1,385,0.26%,4.92
ciao@octopusenergy.it,1,372,0.27%,5.74
servizio clienti octopus telefono,1,360,0.28%,4.79
octopus numero clienti,1,329,0.3%,4.44
octopus gas telefono,1,272,0.37%,3.99
numero clienti octopus energy,1,254,0.39%,4.27
octopus call center,1,241,0.41%,6.16
contatti octopus energy italia,1,237,0.42%,5.48
octopus assistenza clienti,1,223,0.45%,5.13
call center octopus,1,222,0.45%,5.45
chiama octopus,1,182,0.55%,4.24
octopus area clienti,1,177,0.56%,10.94
octopus orari servizio clienti,1,176,0.57%,3.44
octopus energy assistenza,1,171,0.58%,5.75
numeri octopus energy,1,159,0.63%,4.93
ciao octopus energy it,1,133,0.75%,7.17
octopus chat,1,132,0.76%,5.45
octopus energy servizio clienti orari,1,126,0.79%,3.83
octopus numero telefonico,1,111,0.9%,4.75
octopus energia contatti telefonici,1,110,0.91%,4.77
octopus energia numero di telefono,1,107,0.93%,4.6
octopus orari,1,100,1%,7.31
servizio clienti octopus orari,1,99,1.01%,3.64
octopus energy call center,1,85,1.18%,5.11
chat octopus,1,66,1.52%,6.23
octopus luce e gas contatti,1,65,1.54%,3.72
octopus tel,1,62,1.61%,4.73
octopus numero emergenza,1,59,1.69%,3.53
octopus luce e gas,1,52,1.92%,2.83
operatore octopus,1,49,2.04%,4.29
come parlare con un operatore octopus,1,32,3.12%,3.78
octopus energy italia contatti,1,19,5.26%,4.89
octopus energy italia,1,9,11.11%,3.89
octopus recensioni,1,5,20%,3.2
octupus,1,2,50%,9.5
numero verde octopus,0,4503,0%,5.64
numero octopus energy,0,1699,0%,5.1
contatti octopus,0,1467,0%,7.2
numero di telefono octopus energy,0,885,0%,4.49
octopus energia numero verde,0,818,0%,5.18
pec octopus energy,0,736,0%,6.29
numero telefono octopus energy,0,720,0%,5.25
numero verde octopus da cellulare,0,674,0%,4.48
octopus assistenza,0,594,0%,8.24
octopus numero verde orari,0,567,0%,4.48
contattare octopus energy,0,523,0%,5.16
octopus numero whatsapp,0,471,0%,8.63
numero clienti octopus,0,464,0%,5.3
octopus energy,0,427,0%,3.16
octopus luce contatti telefonici,0,419,0%,5.29
numero telefono octopus,0,401,0%,5.04
octopus energy pec,0,378,0%,6.97
octopus whatsapp,0,376,0%,7.94
servizio clienti octopus numero di telefono,0,367,0%,4.42
numero di telefono octopus energia,0,352,0%,4.4
octopus energia telefono,0,344,0%,4.91
octopus energy whatsapp,0,308,0%,7.62
numero verde octopus energia,0,292,0%,4.7
numero octopus energy italia,0,277,0%,4.32
contatto telefonico octopus energy,0,276,0%,5.05
octopus contatto telefonico,0,274,0%,4.5
02 385 827 76,0,267,0%,7.37
numero verde octopus energia elettrica,0,257,0%,4.63
octopus luce e gas telefono,0,248,0%,4.5
contatti telefonici octopus,0,246,0%,5.08
numero servizio clienti octopus energy,0,234,0%,5
call center octopus energy,0,227,0%,4.88
numero assistenza octopus energy,0,216,0%,5.45
octopus luce numero verde,0,212,0%,5.42
octoplus contatti,0,210,0%,4.28
numero di octopus energy,0,205,0%,4.9
numero servizio clienti octopus,0,203,0%,4.8
chiamare octopus energy,0,191,0%,4.39
numero di telefono di octopus energy,0,184,0%,4.64
numero whatsapp octopus energy,0,183,0%,8.49
numero di telefono di octopus,0,168,0%,4.32
contatto octopus,0,165,0%,5.11
email octopus energy,0,152,0%,6.97
octopus energy orari,0,151,0%,4.78
numero telefonico octopus,0,146,0%,5.18
numero telefono octopus energia,0,144,0%,4.89
contatto octopus energia,0,143,0%,5.09
octopus energy numero verde da cellulare,0,142,0%,4.75
octopus email,0,136,0%,6.21
octopus chiama,0,130,0%,5.09
octopus energy assistenza clienti,0,129,0%,5
octopus energy numero telefono,0,129,0%,5.35
numero octopus energia,0,127,0%,5.09
chiama octopus energy,0,120,0%,4.62
octopus energia servizio clienti,0,120,0%,5.45
octopus pec,0,120,0%,5.81
octopus telefono gratuito,0,117,0%,3.03
octopus segnalazione guasti,0,110,0%,4.05
octopus numero verde clienti,0,108,0%,4.44
octopus energy chiama,0,108,0%,6.3
tel octopus energy,0,105,0%,4.48
octopus energy numero verde orari,0,103,0%,4.61
octopus mail,0,102,0%,7.96
octopus energy numero clienti,0,101,0%,4.53
octopus numero telefono,0,97,0%,5.89
octopus contatto,0,94,0%,5.33
octopus energy uffici,0,91,0%,4.03
octopus luce e gas servizio clienti,0,91,0%,6.24
octopus contatti whatsapp,0,89,0%,4
pec octopus,0,89,0%,6.31
octopus chiama i clienti,0,88,0%,5.73
ciao@octopus,0,87,0%,3.9
octopus,0,85,0%,7.42
numero verde di octopus energy,0,83,0%,4.34
octopus energy reperibilita per le urgenze,0,81,0%,3.94
octopusenergy@pec.it,0,77,0%,5.47
octopus energy padova,0,73,0%,2.16
octopus guasti,0,73,0%,5.6
electroverse contatti,0,72,0%,7.17
octopus uffici,0,71,0%,5.18
octopus contatti orari,0,69,0%,3.74
orari octopus,0,69,0%,5.68
numero tel octopus energy,0,68,0%,4.84
whatsapp octopus,0,68,0%,8.68
octopus numero servizio clienti,0,67,0%,5.25
octopus energy vicino a me,0,66,0%,1.89
octopus energy italia numero verde,0,65,0%,5.37
contatti octopus energia,0,64,0%,4.59
octopus energy teléfono,0,64,0%,6.56
octopus energy email,0,63,0%,6.79
+39 02 385 827 76,0,62,0%,5.15
numero cliente octopus energy,0,61,0%,5.13
octopus energia numero,0,61,0%,5.77
parlare con operatore octopus,0,60,0%,3.73
octopus numeri di telefono,0,60,0%,4.32
n verde octopus energy,0,60,0%,4.55
email octopus,0,60,0%,8.37
whatsapp octopus energy,0,58,0%,5.67
segnalazione guasti octopus,0,56,0%,4.45
octopus energy servizio clienti telefono,0,56,0%,6.39
uffici octopus energy,0,55,0%,4.04
contattare octopus,0,55,0%,5.84
contatta octopus,0,54,0%,5.07
octopus assistenza clienti telefono,0,54,0%,5.41
octopus energy contact number,0,54,0%,7.46
come chiamare octopus,0,53,0%,3.49
numero verde di octopus,0,53,0%,4.91
octopus energy voltura,0,52,0%,3.94
octopus contatti clienti,0,52,0%,4.5
ufficio octopus energy,0,51,0%,2.57
voltura octopus energy,0,50,0%,4.88
octopus energy area clienti,0,48,0%,14.73
clienti octopus,0,46,0%,6
area clienti octopus,0,45,0%,11.29
octopus energy genova,0,44,0%,1.02
chiamare octopus,0,41,0%,3.34
octopus energy italia telefono,0,41,0%,4.54
octopus clienti,0,41,0%,8.46
octopus energy sedi,0,38,0%,4.68
octopus ufficio clienti,0,38,0%,4.82
numero di octopus,0,37,0%,4.78
octopus gas numero di telefono,0,35,0%,5.37
octopus energy problemi,0,35,0%,5.51
octopus energy uffici milano,0,33,0%,8.03
octopus n verde,0,32,0%,4.56
numero whatsapp octopus,0,32,0%,9.16
assistenza clienti octopus energy,0,31,0%,4.84
telefono octopus energia,0,28,0%,3.61
contatta octopus energy,0,28,0%,5.36
telefono octopus gratuito,0,27,0%,3.3
chat octopus energy,0,27,0%,5.37
octopus chat online,0,27,0%,6
numero octopus luce,0,26,0%,4
octopus energy chat,0,26,0%,6
numeri octopus,0,25,0%,4.12
octopus luce numero di telefono,0,25,0%,5.28
octopus energy sede milano,0,25,0%,5.96
octopus energia voltura,0,21,0%,3.62
octopus voltura luce,0,21,0%,4
sedi octopus energy italia,0,21,0%,5.81
octopus energy tel,0,20,0%,4.15
uffici octopus vicino a me,0,20,0%,7.45
octopus aosta orari,0,19,0%,1
contatti telefonici octopus energy,0,18,0%,4.5
octupus telefono,0,17,0%,3.41
octoplus numero,0,17,0%,5.41
mancanza corrente elettrica oggi,0,16,0%,1
octopus energy recensioni,0,14,0%,2.71
octopus sede legale,0,14,0%,8.57
octopus energy negozi,0,13,0%,1.15
octopus energy roma,0,13,0%,1.23
octopus energy milano,0,13,0%,1.31
area clienti octopus energy,0,13,0%,8.69
sede octopus energy,0,12,0%,1.17
octoplus telefono,0,12,0%,4.08
octopusenergy telefono,0,12,0%,5.17
assistenza octopus energy,0,12,0%,5.58
octopus energy milano sede,0,12,0%,8.5
octopus energy contatto telefonico,0,11,0%,5.45
octupus contatti,0,11,0%,6.45
octopus energy torino,0,10,0%,1.1
ciao octopusenergy it,0,10,0%,5.1
octopus energy palermo,0,9,0%,1
numero per chiamare octopus,0,9,0%,4
octopus energy contatto,0,9,0%,5.11
octopus energy chat online,0,9,0%,8.22
octopus whatsapp number,0,9,0%,9.11
octopus energy sede roma,0,8,0%,1
octopus energy subentro,0,8,0%,1
voltura luce octopus energy,0,8,0%,3.5
octopus energia,0,8,0%,3.88
contact octopus energy,0,8,0%,4
octopus energy telefono gratis,0,8,0%,9.75
octopus lavora con noi,0,7,0%,1.14
octopus energy ascoli piceno,0,7,0%,2.43
mail octopus,0,7,0%,3.14
servizio clienti octopus energia,0,7,0%,3.86
voltura con octopus energy,0,7,0%,4
tel octopus,0,7,0%,4.86
sportelli octopus energy,0,7,0%,7
octopus energy sede legale,0,7,0%,9.57
octopus energy sede,0,6,0%,1
octopus sede,0,6,0%,1
subentro octopus,0,6,0%,1
octopus richiesta rifiutata,0,6,0%,1.17
octopus energy italia numero telefono assistenza clienti,0,6,0%,3.83
octopus gas e luce,0,6,0%,3.83
voltura octopus,0,6,0%,4.33
numero assistenza clienti octopus,0,6,0%,5.67
octopus energy sede italia,0,6,0%,5.67
call octopus energy,0,6,0%,5.83
octopus subentro luce,0,5,0%,1
0238582776,0,5,0%,2
come pagare bolletta octopus,0,5,0%,2
octopus energia recensioni,0,5,0%,2
octopus ascoli piceno,0,5,0%,2.2
octopus energy telefono gratuito,0,5,0%,3.8
octopus energy cambio intestatario,0,5,0%,4
octopus energy recensioni negative,0,5,0%,4
octopus parlare con operatore,0,5,0%,4
octopus energy contact,0,5,0%,4.6
numero de octopus energy,0,5,0%,5
octopus subentro,0,5,0%,7.6
octopus energy teléfono gratuito,0,5,0%,46.4
octopus energy catania,0,4,0%,1
octopus energy dove si trova,0,4,0%,1
octopus energy lavora con noi,0,4,0%,1
orari octopus aosta,0,4,0%,1
octopus bonus sociale,0,4,0%,2
luce e gas octopus,0,4,0%,4
octopus assistenza numero,0,4,0%,4
numero clienti octopus energia,0,4,0%,4.5
numero octupus,0,4,0%,4.5
octopus contact number,0,4,0%,4.75
energy octopus contact number,0,4,0%,5
octopus energy telephone,0,4,0%,5.25
octopus contact,0,4,0%,5.5
ripeti,0,4,0%,6
uffici octopus,0,4,0%,9.75
octopus energia area clienti,0,4,0%,10.75
dove si trovano uffici octopus,0,4,0%,14.25
octopus voltura,0,4,0%,28.75
enel numero verde guasti,0,3,0%,1
mail farnesina,0,3,0%,1
octopus energy perugia,0,3,0%,1
octopus è affidabile,0,3,0%,1
subentro octopus energy,0,3,0%,1
octopus energy foto,0,3,0%,1.33
octopus energy parma,0,3,0%,1.33
codice cliente octopus,0,3,0%,1.67
octopus energy ancarano,0,3,0%,2
octopus recensioni negative,0,3,0%,2.33
octopusenergy,0,3,0%,3.33
octopus pagamento bollette,0,3,0%,4
octopus energy contacts,0,3,0%,5.33
octopus call,0,3,0%,5.67
octopus energy italia sito ufficiale,0,3,0%,5.67
e mail octopus,0,3,0%,6.33
email octpus,0,3,0%,6.67
número de teléfono de octopus energía,0,3,0%,6.67
octopus téléphone,0,3,0%,7.33
octopusemail,0,3,0%,9.67
bollette octopus ogni quanto,0,2,0%,1
come registrarsi su octopus energy,0,2,0%,1
disdetta octopus energy,0,2,0%,1
octopus energia e gas,0,2,0%,1
octopus energy luce e gas,0,2,0%,1
octopussy energia,0,2,0%,1
plenitude guasti numero,0,2,0%,1
subentro luce octopus,0,2,0%,1
truffe octopus,0,2,0%,1
+39 02 38582 776,0,2,0%,2
come cambiare tariffa octopus,0,2,0%,2
negozi octopus energia,0,2,0%,2
octopus energy area clienti registrazione,0,2,0%,2
octopus energy italia sede,0,2,0%,2
octopus luce e gas recensioni,0,2,0%,2
sede octopus energy milano,0,2,0%,2
truffa octopus,0,2,0%,2
octopus rnergy,0,2,0%,3
orari servizio clienti octopus,0,2,0%,3
numero verde octopus orari,0,2,0%,4
numero verde electroverse,0,2,0%,4.5
octopus energy telefon,0,2,0%,4.5
octopus gas contact number,0,2,0%,4.5
modulo disdetta octopus energy,0,2,0%,5
octopus numero telephone,0,2,0%,5
octopus telefono clientes,0,2,0%,5
octupus email,0,2,0%,5
customer service octopus,0,2,0%,5.5
numero di telefono di octopus energia,0,2,0%,5.5
octopus energy number,0,2,0%,5.5
octopus telefon,0,2,0%,5.5
teléfono octopus energy,0,2,0%,5.5
número de teléfono de octopus,0,2,0%,6
octopus customer service,0,2,0%,6
codice cliente octopus energy,0,2,0%,6.5
octopus energy numero de telefono,0,2,0%,7
octopus support,0,2,0%,7.5
octupus energy email,0,2,0%,9
mail octopus energy,0,2,0%,9.5
e-mail octopus,0,2,0%,10
octopus voltura mortis causa,0,2,0%,11.5
negozio octopus,0,2,0%,30.5
octopus contacto,0,2,0%,38
octopus energy clientes teléfono,0,2,0%,60.5
octopus atencion cliente,0,2,0%,70
teléfono gratuito octopus energy,0,2,0%,77
teléfono de octopus energy,0,2,0%,82.5
teléfono octopus energy atención al cliente,0,2,0%,88
bolletta luce octopus quando arriva,0,1,0%,1
cali di tensione oggi,0,1,0%,1
calling octopus energy,0,1,0%,1
com'è octopus energy,0,1,0%,1
come funziona octopus energy,0,1,0%,1
enel servizio guasti,0,1,0%,1
farnesina contatti email,0,1,0%,1
iban octopus energy italia,0,1,0%,1
indirizzo servizio elettrico nazionale,0,1,0%,1
luce gas octopus,0,1,0%,1
numero energit,0,1,0%,1
numero guasti energia elettrica,0,1,0%,1
numero guasti plenitude,0,1,0%,1
numero guasto enel,0,1,0%,1
numero verde bambin gesù,0,1,0%,1
ocf contatti,0,1,0%,1
ocput,0,1,0%,1
octopus a,0,1,0%,1
octopus enegy,0,1,0%,1
octopus energy app,0,1,0%,1
octopus energy brescia,0,1,0%,1
octopus energy business italia,0,1,0%,1
octopus energy firenze,0,1,0%,1
octopus energy hotline,0,1,0%,1
octopus energy negozio,0,1,0%,1
octopus energy prima attivazione,0,1,0%,1
octopus energy telefono clientes,0,1,0%,1
octopus firenze,0,1,0%,1
octopus services,0,1,0%,1
octopus truffa,0,1,0%,1
opi potenza pec,0,1,0%,1
optopus telefono,0,1,0%,1
segnalazione guasti energia elettrica,0,1,0%,1
servizio al cliente,0,1,0%,1
servizio elettrico nazionale indirizzo,0,1,0%,1
servizio elettrico nazionale sedi,0,1,0%,1
servizio guasti enel,0,1,0%,1
telefono gratuito octopus,0,1,0%,1
teléfono octopus clientes,0,1,0%,1
02 3858 2776,0,1,0%,2
area personale octopus,0,1,0%,2
assistenza clienti online,0,1,0%,2
assistenza pec libero,0,1,0%,2
bonus sociale octopus,0,1,0%,2
bonus sociale octopus energy,0,1,0%,2
giorgio tomasetti,0,1,0%,2
lavorare con octopus energy,0,1,0%,2
luce octopus energy,0,1,0%,2
mail del servizio elettrico nazionale,0,1,0%,2
octo telematics servizio clienti,0,1,0%,2
octoplus,0,1,0%,2
octoplus energia,0,1,0%,2
octopus cagliari,0,1,0%,2
octopus contact no,0,1,0%,2
octopus energi,0,1,0%,2
octopus energy area personale,0,1,0%,2
octopus energy il sole 24 ore,0,1,0%,2
octopus luce offerte,0,1,0%,2
octopus negozio,0,1,0%,2
octopus punti vendita,0,1,0%,2
octopus registrazione,0,1,0%,2
octopusenergia,0,1,0%,2
octopuss,0,1,0%,2
offerte energia elettrica octopus,0,1,0%,2
oktopus,0,1,0%,2
opl contatti,0,1,0%,2
pec enel servizio elettrico nazionale,0,1,0%,2
servizio clienti octo,0,1,0%,2
servizio elettrico nazionale contatti,0,1,0%,2
si,0,1,0%,2
sito ufficiale octopus energy italia,0,1,0%,2
www.octopus energy.it,0,1,0%,2
è una truffa,0,1,0%,2
+390238582776,0,1,0%,3
call octopus,0,1,0%,3
chi c'è dietro octopus energy,0,1,0%,3
cnop contatti,0,1,0%,3
energy octopus,0,1,0%,3
farnesina email,0,1,0%,3
farnesina mail,0,1,0%,3
negozio octopus energy,0,1,0%,3
numero,0,1,0%,3
octopus account,0,1,0%,3
octopus catania,0,1,0%,3
octopus energia italia,0,1,0%,3
octopus energy chi sono,0,1,0%,3
octopus energy power cut,0,1,0%,3
octopus energy recensioni altroconsumo,0,1,0%,3
octopus energy.it,0,1,0%,3
octopus hotline,0,1,0%,3
octopus orari call center,0,1,0%,3
octopus palermo,0,1,0%,3
octopus per partita iva,0,1,0%,3
offerte octopus,0,1,0%,3
oktopus energy,0,1,0%,3
optuss,0,1,0%,3
quanti clienti ha octopus,0,1,0%,3
recensione octopus energy,0,1,0%,3
truffa octopus energy,0,1,0%,3
contacto octopus,0,1,0%,4
octopus call centre,0,1,0%,4
octopus chat live chat,0,1,0%,4
octopus customer care,0,1,0%,4
octopus energu,0,1,0%,4
octopus energy customer number,0,1,0%,4
octopus energy pagamenti,0,1,0%,4
octopus energy store,0,1,0%,4
octopus paga bolletta,0,1,0%,4
octopus telephone,0,1,0%,4
octopus voltura gas,0,1,0%,4
pagamento bolletta octopus,0,1,0%,4
telefono atencion cliente octopus,0,1,0%,4
voltura con octopus,0,1,0%,4
dammi il link,0,1,0%,5
e mail adresse octopus energy,0,1,0%,5
email octupus,0,1,0%,5
live chat octopus,0,1,0%,5
luce octopus,0,1,0%,5
numero telefono,0,1,0%,5
octopus business italia,0,1,0%,5
octopus chat support,0,1,0%,5
octopus energie numero,0,1,0%,5
octopus energy customer service number,0,1,0%,5
octopus energy free contact number,0,1,0%,5
octopus energy live chat,0,1,0%,5
octopus live chat,0,1,0%,5
octopus numero de telefono,0,1,0%,5
octopus.energy contact,0,1,0%,5
octupsu,0,1,0%,5
servizio clienti,0,1,0%,5
telefono octupus,0,1,0%,5
uzzano,0,1,0%,5
octopus energy contact information,0,1,0%,6
octopus energy support,0,1,0%,6
octopus tel number,0,1,0%,6
octupus chat,0,1,0%,6
octopus energy call,0,1,0%,7
octopus energy phone number,0,1,0%,7
octopus energy teléfono 24 horas,0,1,0%,7
octopus energy téléphone,0,1,0%,7
octopus energía teléfono,0,1,0%,7
teléfono de octopus,0,1,0%,7
contact number octopus,0,1,0%,8
octopus energy e mail,0,1,0%,8
octopus energy numero whatsapp,0,1,0%,8
support octopus,0,1,0%,8
telephone octopus energy,0,1,0%,8
téléphone octopus,0,1,0%,8
login octopus,0,1,0%,9
email octopis,0,1,0%,11
octopus sedi,0,1,0%,11
octpus email,0,1,0%,11
octopis,0,1,0%,13
octopus number,0,1,0%,13
octupus energia,0,1,0%,18
oktupus,0,1,0%,24
contacting octopus energy,0,1,0%,48
octopus teléfono atención al cliente,0,1,0%,62
teléfono atención al cliente octopus,0,1,0%,62
octopus energy pdf,0,1,0%,75
telefono de octopus energy,0,1,0%,77
appeler octopus energy,0,1,0%,88
www octopus energy it,0,1,0%,91
teléfono octopus luz,0,1,0%,96
octopus energy atencion al cliente,0,1,0%,98
octopus energy teléfono atención al cliente,0,1,0%,98